[{"title":"쇼미더머니","keywords":["쇼미더머니"],"data":[{"period":"2016-01-01","ratio":2.06547},{"period":"2016-02-01","ratio":2.16158},{"period":"2016-03-01","ratio":6.9995},{"period":"2016-04-01","ratio":4.03989},{"period":"2016-05-01","ratio":22.80158},{"period":"2016-06-01","ratio":40.6854},{"period":"2016-07-01","ratio":38.6598},{"period":"2016-08-01","ratio":3.95532},{"period":"2016-09-01","ratio":2.72562},{"period":"2016-10-01","ratio":1.88113},{"period":"2016-11-01","ratio":1.51154},{"period":"2016-12-01","ratio":1.24198},{"period":"2017-01-01","ratio":1.47847},{"period":"2017-02-01","ratio":1.76067},{"period":"2017-03-01","ratio":2.58823},{"period":"2017-04-01","ratio":2.98893},{"period":"2017-05-01","ratio":3.34099},{"period":"2017-06-01","ratio":8.1156},{"period":"2017-07-01","ratio":66.27105},{"period":"2017-08-01","ratio":100},{"period":"2017-09-01","ratio":41.95003},{"period":"2017-10-01","ratio":1.92851},{"period":"2017-11-01","ratio":1.38982},{"period":"2017-12-01","ratio":21.68644},{"period":"2018-01-01","ratio":1.25013},{"period":"2018-02-01","ratio":1.17328},{"period":"2018-03-01","ratio":1.44957},{"period":"2018-04-01","ratio":1.56978},{"period":"2018-05-01","ratio":1.4353},{"period":"2018-06-01","ratio":1.7148},{"period":"2018-07-01","ratio":2.51156},{"period":"2018-08-01","ratio":2.88639},{"period":"2018-09-01","ratio":21.70293},{"period":"2018-10-01","ratio":29.72501},{"period":"2018-11-01","ratio":16.50601},{"period":"2018-12-01","ratio":1.58666},{"period":"2019-01-01","ratio":1.08111},{"period":"2019-02-01","ratio":1.15914},{"period":"2019-03-01","ratio":1.34673},{"period":"2019-04-01","ratio":1.18535},{"period":"2019-05-01","ratio":1.20388},{"period":"2019-06-01","ratio":1.18778},{"period":"2019-07-01","ratio":3.69396},{"period":"2019-08-01","ratio":13.52484},{"period":"2019-09-01","ratio":15.09423},{"period":"2019-10-01","ratio":1.53063},{"period":"2019-11-01","ratio":0.97324},{"period":"2019-12-01","ratio":0.9029},{"period":"2020-01-01","ratio":0.8805},{"period":"2020-02-01","ratio":1.08038},{"period":"2020-03-01","ratio":1.07461},{"period":"2020-04-01","ratio":0.95349},{"period":"2020-05-01","ratio":0.98027},{"period":"2020-06-01","ratio":0.99767},{"period":"2020-07-01","ratio":1.21633},{"period":"2020-08-01","ratio":1.47045},{"period":"2020-09-01","ratio":1.73472},{"period":"2020-10-01","ratio":16.02781},{"period":"2020-11-01","ratio":15.54657},{"period":"2020-12-01","ratio":19.20126},{"period":"2021-01-01","ratio":1.32668},{"period":"2021-02-01","ratio":0.97163},{"period":"2021-03-01","ratio":0.91795},{"period":"2021-04-01","ratio":0.94551},{"period":"2021-05-01","ratio":0.77076},{"period":"2021-06-01","ratio":0.8375},{"period":"2021-07-01","ratio":1.10077},{"period":"2021-08-01","ratio":1.09799},{"period":"2021-09-01","ratio":1.655},{"period":"2021-10-01","ratio":10.54514},{"period":"2021-11-01","ratio":11.55549},{"period":"2021-12-01","ratio":8.40872},{"period":"2022-01-01","ratio":1.46094},{"period":"2022-02-01","ratio":0.87373},{"period":"2022-03-01","ratio":1.04223},{"period":"2022-04-01","ratio":0.81472},{"period":"2022-05-01","ratio":0.83129},{"period":"2022-06-01","ratio":0.80791},{"period":"2022-07-01","ratio":1.22145},{"period":"2022-08-01","ratio":1.46454},{"period":"2022-09-01","ratio":1.46832},{"period":"2022-10-01","ratio":6.19319},{"period":"2022-11-01","ratio":7.70878},{"period":"2022-12-01","ratio":8.93752},{"period":"2023-01-01","ratio":1.77724},{"period":"2023-02-01","ratio":0.81194},{"period":"2023-03-01","ratio":0.31113}]}]